{
    "total_production": 610.913,
    "total_saved": 140.50999000000002,
    "reduction_co2": 274.91085000000004,
    "reduction_km": 2114.6988461538463,
    "reduction_flights": 4.529009060955519
}